espn_id,name,year,source,league,same_as
1,Atlanta Falcons,1999,espn,nfl,
1,Atlanta Falcons,2000,espn,nfl,
1,Atlanta Falcons,2001,espn,nfl,
1,Atlanta Falcons,2002,espn,nfl,
1,Atlanta Falcons,2003,espn,nfl,
1,Atlanta Falcons,2004,espn,nfl,
1,Atlanta Falcons,2005,espn,nfl,
1,Atlanta Falcons,2006,espn,nfl,
1,Atlanta Falcons,2007,espn,nfl,
1,Atlanta Falcons,2008,espn,nfl,
1,Atlanta Falcons,2009,espn,nfl,
1,Atlanta Falcons,2010,espn,nfl,
1,Atlanta Falcons,2011,espn,nfl,
1,Atlanta Falcons,2012,espn,nfl,
1,Atlanta Falcons,2013,espn,nfl,
1,Atlanta Falcons,2014,espn,nfl,
1,Atlanta Falcons,2015,espn,nfl,
1,Atlanta Falcons,2016,espn,nfl,
1,Atlanta Falcons,2017,espn,nfl,
1,Atlanta Falcons,2018,espn,nfl,
1,Atlanta Falcons,2019,espn,nfl,
1,Atlanta Falcons,2020,espn,nfl,
1,Atlanta Falcons,2021,espn,nfl,
1,Atlanta Falcons,2022,espn,nfl,
1,Atlanta Falcons,2023,espn,nfl,
1,Atlanta Falcons,2024,espn,nfl,
1,Atlanta Falcons,2025,espn,nfl,
1,Atlanta Falcons,2026,espn,nfl,
2,Buffalo Bills,1999,espn,nfl,
2,Buffalo Bills,2000,espn,nfl,
2,Buffalo Bills,2001,espn,nfl,
2,Buffalo Bills,2002,espn,nfl,
2,Buffalo Bills,2003,espn,nfl,
2,Buffalo Bills,2004,espn,nfl,
2,Buffalo Bills,2005,espn,nfl,
2,Buffalo Bills,2006,espn,nfl,
2,Buffalo Bills,2007,espn,nfl,
2,Buffalo Bills,2008,espn,nfl,
2,Buffalo Bills,2009,espn,nfl,
2,Buffalo Bills,2010,espn,nfl,
2,Buffalo Bills,2011,espn,nfl,
2,Buffalo Bills,2012,espn,nfl,
2,Buffalo Bills,2013,espn,nfl,
2,Buffalo Bills,2014,espn,nfl,
2,Buffalo Bills,2015,espn,nfl,
2,Buffalo Bills,2016,espn,nfl,
2,Buffalo Bills,2017,espn,nfl,
2,Buffalo Bills,2018,espn,nfl,
2,Buffalo Bills,2019,espn,nfl,
2,Buffalo Bills,2020,espn,nfl,
2,Buffalo Bills,2021,espn,nfl,
2,Buffalo Bills,2022,espn,nfl,
2,Buffalo Bills,2023,espn,nfl,
2,Buffalo Bills,2024,espn,nfl,
2,Buffalo Bills,2025,espn,nfl,
2,Buffalo Bills,2026,espn,nfl,
3,Chicago Bears,1999,espn,nfl,
3,Chicago Bears,2000,espn,nfl,
3,Chicago Bears,2001,espn,nfl,
3,Chicago Bears,2002,espn,nfl,
3,Chicago Bears,2003,espn,nfl,
3,Chicago Bears,2004,espn,nfl,
3,Chicago Bears,2005,espn,nfl,
3,Chicago Bears,2006,espn,nfl,
3,Chicago Bears,2007,espn,nfl,
3,Chicago Bears,2008,espn,nfl,
3,Chicago Bears,2009,espn,nfl,
3,Chicago Bears,2010,espn,nfl,
3,Chicago Bears,2011,espn,nfl,
3,Chicago Bears,2012,espn,nfl,
3,Chicago Bears,2013,espn,nfl,
3,Chicago Bears,2014,espn,nfl,
3,Chicago Bears,2015,espn,nfl,
3,Chicago Bears,2016,espn,nfl,
3,Chicago Bears,2017,espn,nfl,
3,Chicago Bears,2018,espn,nfl,
3,Chicago Bears,2019,espn,nfl,
3,Chicago Bears,2020,espn,nfl,
3,Chicago Bears,2021,espn,nfl,
3,Chicago Bears,2022,espn,nfl,
3,Chicago Bears,2023,espn,nfl,
3,Chicago Bears,2024,espn,nfl,
3,Chicago Bears,2025,espn,nfl,
3,Chicago Bears,2026,espn,nfl,
4,Cincinnati Bengals,1999,espn,nfl,
4,Cincinnati Bengals,2000,espn,nfl,
4,Cincinnati Bengals,2001,espn,nfl,
4,Cincinnati Bengals,2002,espn,nfl,
4,Cincinnati Bengals,2003,espn,nfl,
4,Cincinnati Bengals,2004,espn,nfl,
4,Cincinnati Bengals,2005,espn,nfl,
4,Cincinnati Bengals,2006,espn,nfl,
4,Cincinnati Bengals,2007,espn,nfl,
4,Cincinnati Bengals,2008,espn,nfl,
4,Cincinnati Bengals,2009,espn,nfl,
4,Cincinnati Bengals,2010,espn,nfl,
4,Cincinnati Bengals,2011,espn,nfl,
4,Cincinnati Bengals,2012,espn,nfl,
4,Cincinnati Bengals,2013,espn,nfl,
4,Cincinnati Bengals,2014,espn,nfl,
4,Cincinnati Bengals,2015,espn,nfl,
4,Cincinnati Bengals,2016,espn,nfl,
4,Cincinnati Bengals,2017,espn,nfl,
4,Cincinnati Bengals,2018,espn,nfl,
4,Cincinnati Bengals,2019,espn,nfl,
4,Cincinnati Bengals,2020,espn,nfl,
4,Cincinnati Bengals,2021,espn,nfl,
4,Cincinnati Bengals,2022,espn,nfl,
4,Cincinnati Bengals,2023,espn,nfl,
4,Cincinnati Bengals,2024,espn,nfl,
4,Cincinnati Bengals,2025,espn,nfl,
4,Cincinnati Bengals,2026,espn,nfl,
5,Cleveland Browns,1999,espn,nfl,
5,Cleveland Browns,2000,espn,nfl,
5,Cleveland Browns,2001,espn,nfl,
5,Cleveland Browns,2002,espn,nfl,
5,Cleveland Browns,2003,espn,nfl,
5,Cleveland Browns,2004,espn,nfl,
5,Cleveland Browns,2005,espn,nfl,
5,Cleveland Browns,2006,espn,nfl,
5,Cleveland Browns,2007,espn,nfl,
5,Cleveland Browns,2008,espn,nfl,
5,Cleveland Browns,2009,espn,nfl,
5,Cleveland Browns,2010,espn,nfl,
5,Cleveland Browns,2011,espn,nfl,
5,Cleveland Browns,2012,espn,nfl,
5,Cleveland Browns,2013,espn,nfl,
5,Cleveland Browns,2014,espn,nfl,
5,Cleveland Browns,2015,espn,nfl,
5,Cleveland Browns,2016,espn,nfl,
5,Cleveland Browns,2017,espn,nfl,
5,Cleveland Browns,2018,espn,nfl,
5,Cleveland Browns,2019,espn,nfl,
5,Cleveland Browns,2020,espn,nfl,
5,Cleveland Browns,2021,espn,nfl,
5,Cleveland Browns,2022,espn,nfl,
5,Cleveland Browns,2023,espn,nfl,
5,Cleveland Browns,2024,espn,nfl,
5,Cleveland Browns,2025,espn,nfl,
5,Cleveland Browns,2026,espn,nfl,
6,Dallas Cowboys,1999,espn,nfl,
6,Dallas Cowboys,2000,espn,nfl,
6,Dallas Cowboys,2001,espn,nfl,
6,Dallas Cowboys,2002,espn,nfl,
6,Dallas Cowboys,2003,espn,nfl,
6,Dallas Cowboys,2004,espn,nfl,
6,Dallas Cowboys,2005,espn,nfl,
6,Dallas Cowboys,2006,espn,nfl,
6,Dallas Cowboys,2007,espn,nfl,
6,Dallas Cowboys,2008,espn,nfl,
6,Dallas Cowboys,2009,espn,nfl,
6,Dallas Cowboys,2010,espn,nfl,
6,Dallas Cowboys,2011,espn,nfl,
6,Dallas Cowboys,2012,espn,nfl,
6,Dallas Cowboys,2013,espn,nfl,
6,Dallas Cowboys,2014,espn,nfl,
6,Dallas Cowboys,2015,espn,nfl,
6,Dallas Cowboys,2016,espn,nfl,
6,Dallas Cowboys,2017,espn,nfl,
6,Dallas Cowboys,2018,espn,nfl,
6,Dallas Cowboys,2019,espn,nfl,
6,Dallas Cowboys,2020,espn,nfl,
6,Dallas Cowboys,2021,espn,nfl,
6,Dallas Cowboys,2022,espn,nfl,
6,Dallas Cowboys,2023,espn,nfl,
6,Dallas Cowboys,2024,espn,nfl,
6,Dallas Cowboys,2025,espn,nfl,
6,Dallas Cowboys,2026,espn,nfl,
7,Denver Broncos,1999,espn,nfl,
7,Denver Broncos,2000,espn,nfl,
7,Denver Broncos,2001,espn,nfl,
7,Denver Broncos,2002,espn,nfl,
7,Denver Broncos,2003,espn,nfl,
7,Denver Broncos,2004,espn,nfl,
7,Denver Broncos,2005,espn,nfl,
7,Denver Broncos,2006,espn,nfl,
7,Denver Broncos,2007,espn,nfl,
7,Denver Broncos,2008,espn,nfl,
7,Denver Broncos,2009,espn,nfl,
7,Denver Broncos,2010,espn,nfl,
7,Denver Broncos,2011,espn,nfl,
7,Denver Broncos,2012,espn,nfl,
7,Denver Broncos,2013,espn,nfl,
7,Denver Broncos,2014,espn,nfl,
7,Denver Broncos,2015,espn,nfl,
7,Denver Broncos,2016,espn,nfl,
7,Denver Broncos,2017,espn,nfl,
7,Denver Broncos,2018,espn,nfl,
7,Denver Broncos,2019,espn,nfl,
7,Denver Broncos,2020,espn,nfl,
7,Denver Broncos,2021,espn,nfl,
7,Denver Broncos,2022,espn,nfl,
7,Denver Broncos,2023,espn,nfl,
7,Denver Broncos,2024,espn,nfl,
7,Denver Broncos,2025,espn,nfl,
7,Denver Broncos,2026,espn,nfl,
8,Detroit Lions,1999,espn,nfl,
8,Detroit Lions,2000,espn,nfl,
8,Detroit Lions,2001,espn,nfl,
8,Detroit Lions,2002,espn,nfl,
8,Detroit Lions,2003,espn,nfl,
8,Detroit Lions,2004,espn,nfl,
8,Detroit Lions,2005,espn,nfl,
8,Detroit Lions,2006,espn,nfl,
8,Detroit Lions,2007,espn,nfl,
8,Detroit Lions,2008,espn,nfl,
8,Detroit Lions,2009,espn,nfl,
8,Detroit Lions,2010,espn,nfl,
8,Detroit Lions,2011,espn,nfl,
8,Detroit Lions,2012,espn,nfl,
8,Detroit Lions,2013,espn,nfl,
8,Detroit Lions,2014,espn,nfl,
8,Detroit Lions,2015,espn,nfl,
8,Detroit Lions,2016,espn,nfl,
8,Detroit Lions,2017,espn,nfl,
8,Detroit Lions,2018,espn,nfl,
8,Detroit Lions,2019,espn,nfl,
8,Detroit Lions,2020,espn,nfl,
8,Detroit Lions,2021,espn,nfl,
8,Detroit Lions,2022,espn,nfl,
8,Detroit Lions,2023,espn,nfl,
8,Detroit Lions,2024,espn,nfl,
8,Detroit Lions,2025,espn,nfl,
8,Detroit Lions,2026,espn,nfl,
9,Green Bay Packers,1999,espn,nfl,
9,Green Bay Packers,2000,espn,nfl,
9,Green Bay Packers,2001,espn,nfl,
9,Green Bay Packers,2002,espn,nfl,
9,Green Bay Packers,2003,espn,nfl,
9,Green Bay Packers,2004,espn,nfl,
9,Green Bay Packers,2005,espn,nfl,
9,Green Bay Packers,2006,espn,nfl,
9,Green Bay Packers,2007,espn,nfl,
9,Green Bay Packers,2008,espn,nfl,
9,Green Bay Packers,2009,espn,nfl,
9,Green Bay Packers,2010,espn,nfl,
9,Green Bay Packers,2011,espn,nfl,
9,Green Bay Packers,2012,espn,nfl,
9,Green Bay Packers,2013,espn,nfl,
9,Green Bay Packers,2014,espn,nfl,
9,Green Bay Packers,2015,espn,nfl,
9,Green Bay Packers,2016,espn,nfl,
9,Green Bay Packers,2017,espn,nfl,
9,Green Bay Packers,2018,espn,nfl,
9,Green Bay Packers,2019,espn,nfl,
9,Green Bay Packers,2020,espn,nfl,
9,Green Bay Packers,2021,espn,nfl,
9,Green Bay Packers,2022,espn,nfl,
9,Green Bay Packers,2023,espn,nfl,
9,Green Bay Packers,2024,espn,nfl,
9,Green Bay Packers,2025,espn,nfl,
9,Green Bay Packers,2026,espn,nfl,
10,Tennessee Titans,1999,espn,nfl,
10,Tennessee Titans,2000,espn,nfl,
10,Tennessee Titans,2001,espn,nfl,
10,Tennessee Titans,2002,espn,nfl,
10,Tennessee Titans,2003,espn,nfl,
10,Tennessee Titans,2004,espn,nfl,
10,Tennessee Titans,2005,espn,nfl,
10,Tennessee Titans,2006,espn,nfl,
10,Tennessee Titans,2007,espn,nfl,
10,Tennessee Titans,2008,espn,nfl,
10,Tennessee Titans,2009,espn,nfl,
10,Tennessee Titans,2010,espn,nfl,
10,Tennessee Titans,2011,espn,nfl,
10,Tennessee Titans,2012,espn,nfl,
10,Tennessee Titans,2013,espn,nfl,
10,Tennessee Titans,2014,espn,nfl,
10,Tennessee Titans,2015,espn,nfl,
10,Tennessee Titans,2016,espn,nfl,
10,Tennessee Titans,2017,espn,nfl,
10,Tennessee Titans,2018,espn,nfl,
10,Tennessee Titans,2019,espn,nfl,
10,Tennessee Titans,2020,espn,nfl,
10,Tennessee Titans,2021,espn,nfl,
10,Tennessee Titans,2022,espn,nfl,
10,Tennessee Titans,2023,espn,nfl,
10,Tennessee Titans,2024,espn,nfl,
10,Tennessee Titans,2025,espn,nfl,
10,Tennessee Titans,2026,espn,nfl,
11,Indianapolis Colts,1999,espn,nfl,
11,Indianapolis Colts,2000,espn,nfl,
11,Indianapolis Colts,2001,espn,nfl,
11,Indianapolis Colts,2002,espn,nfl,
11,Indianapolis Colts,2003,espn,nfl,
11,Indianapolis Colts,2004,espn,nfl,
11,Indianapolis Colts,2005,espn,nfl,
11,Indianapolis Colts,2006,espn,nfl,
11,Indianapolis Colts,2007,espn,nfl,
11,Indianapolis Colts,2008,espn,nfl,
11,Indianapolis Colts,2009,espn,nfl,
11,Indianapolis Colts,2010,espn,nfl,
11,Indianapolis Colts,2011,espn,nfl,
11,Indianapolis Colts,2012,espn,nfl,
11,Indianapolis Colts,2013,espn,nfl,
11,Indianapolis Colts,2014,espn,nfl,
11,Indianapolis Colts,2015,espn,nfl,
11,Indianapolis Colts,2016,espn,nfl,
11,Indianapolis Colts,2017,espn,nfl,
11,Indianapolis Colts,2018,espn,nfl,
11,Indianapolis Colts,2019,espn,nfl,
11,Indianapolis Colts,2020,espn,nfl,
11,Indianapolis Colts,2021,espn,nfl,
11,Indianapolis Colts,2022,espn,nfl,
11,Indianapolis Colts,2023,espn,nfl,
11,Indianapolis Colts,2024,espn,nfl,
11,Indianapolis Colts,2025,espn,nfl,
11,Indianapolis Colts,2026,espn,nfl,
12,Kansas City Chiefs,1999,espn,nfl,
12,Kansas City Chiefs,2000,espn,nfl,
12,Kansas City Chiefs,2001,espn,nfl,
12,Kansas City Chiefs,2002,espn,nfl,
12,Kansas City Chiefs,2003,espn,nfl,
12,Kansas City Chiefs,2004,espn,nfl,
12,Kansas City Chiefs,2005,espn,nfl,
12,Kansas City Chiefs,2006,espn,nfl,
12,Kansas City Chiefs,2007,espn,nfl,
12,Kansas City Chiefs,2008,espn,nfl,
12,Kansas City Chiefs,2009,espn,nfl,
12,Kansas City Chiefs,2010,espn,nfl,
12,Kansas City Chiefs,2011,espn,nfl,
12,Kansas City Chiefs,2012,espn,nfl,
12,Kansas City Chiefs,2013,espn,nfl,
12,Kansas City Chiefs,2014,espn,nfl,
12,Kansas City Chiefs,2015,espn,nfl,
12,Kansas City Chiefs,2016,espn,nfl,
12,Kansas City Chiefs,2017,espn,nfl,
12,Kansas City Chiefs,2018,espn,nfl,
12,Kansas City Chiefs,2019,espn,nfl,
12,Kansas City Chiefs,2020,espn,nfl,
12,Kansas City Chiefs,2021,espn,nfl,
12,Kansas City Chiefs,2022,espn,nfl,
12,Kansas City Chiefs,2023,espn,nfl,
12,Kansas City Chiefs,2024,espn,nfl,
12,Kansas City Chiefs,2025,espn,nfl,
12,Kansas City Chiefs,2026,espn,nfl,
13,Oakland Raiders,1999,espn,nfl,
13,Oakland Raiders,2000,espn,nfl,
13,Oakland Raiders,2001,espn,nfl,
13,Oakland Raiders,2002,espn,nfl,
13,Oakland Raiders,2003,espn,nfl,
13,Oakland Raiders,2004,espn,nfl,
13,Oakland Raiders,2005,espn,nfl,
13,Oakland Raiders,2006,espn,nfl,
13,Oakland Raiders,2007,espn,nfl,
13,Oakland Raiders,2008,espn,nfl,
13,Oakland Raiders,2009,espn,nfl,
13,Oakland Raiders,2010,espn,nfl,
13,Oakland Raiders,2011,espn,nfl,
13,Oakland Raiders,2012,espn,nfl,
13,Oakland Raiders,2013,espn,nfl,
13,Oakland Raiders,2014,espn,nfl,
13,Oakland Raiders,2015,espn,nfl,
13,Oakland Raiders,2016,espn,nfl,
13,Oakland Raiders,2017,espn,nfl,
13,Oakland Raiders,2018,espn,nfl,
13,Oakland Raiders,2019,espn,nfl,
13,Las Vegas Raiders,2020,espn,nfl,
13,Las Vegas Raiders,2021,espn,nfl,
13,Las Vegas Raiders,2022,espn,nfl,
13,Las Vegas Raiders,2023,espn,nfl,
13,Las Vegas Raiders,2024,espn,nfl,
13,Las Vegas Raiders,2025,espn,nfl,
13,Las Vegas Raiders,2026,espn,nfl,
14,St. Louis Rams,1999,espn,nfl,
14,St. Louis Rams,2000,espn,nfl,
14,St. Louis Rams,2001,espn,nfl,
14,St. Louis Rams,2002,espn,nfl,
14,St. Louis Rams,2003,espn,nfl,
14,St. Louis Rams,2004,espn,nfl,
14,St. Louis Rams,2005,espn,nfl,
14,St. Louis Rams,2006,espn,nfl,
14,St. Louis Rams,2007,espn,nfl,
14,St. Louis Rams,2008,espn,nfl,
14,St. Louis Rams,2009,espn,nfl,
14,St. Louis Rams,2010,espn,nfl,
14,St. Louis Rams,2011,espn,nfl,
14,St. Louis Rams,2012,espn,nfl,
14,St. Louis Rams,2013,espn,nfl,
14,St. Louis Rams,2014,espn,nfl,
14,St. Louis Rams,2015,espn,nfl,
14,Los Angeles Rams,2016,espn,nfl,
14,Los Angeles Rams,2017,espn,nfl,
14,Los Angeles Rams,2018,espn,nfl,
14,Los Angeles Rams,2019,espn,nfl,
14,Los Angeles Rams,2020,espn,nfl,
14,Los Angeles Rams,2021,espn,nfl,
14,Los Angeles Rams,2022,espn,nfl,
14,Los Angeles Rams,2023,espn,nfl,
14,Los Angeles Rams,2024,espn,nfl,
14,Los Angeles Rams,2025,espn,nfl,
14,Los Angeles Rams,2026,espn,nfl,
15,Miami Dolphins,1999,espn,nfl,
15,Miami Dolphins,2000,espn,nfl,
15,Miami Dolphins,2001,espn,nfl,
15,Miami Dolphins,2002,espn,nfl,
15,Miami Dolphins,2003,espn,nfl,
15,Miami Dolphins,2004,espn,nfl,
15,Miami Dolphins,2005,espn,nfl,
15,Miami Dolphins,2006,espn,nfl,
15,Miami Dolphins,2007,espn,nfl,
15,Miami Dolphins,2008,espn,nfl,
15,Miami Dolphins,2009,espn,nfl,
15,Miami Dolphins,2010,espn,nfl,
15,Miami Dolphins,2011,espn,nfl,
15,Miami Dolphins,2012,espn,nfl,
15,Miami Dolphins,2013,espn,nfl,
15,Miami Dolphins,2014,espn,nfl,
15,Miami Dolphins,2015,espn,nfl,
15,Miami Dolphins,2016,espn,nfl,
15,Miami Dolphins,2017,espn,nfl,
15,Miami Dolphins,2018,espn,nfl,
15,Miami Dolphins,2019,espn,nfl,
15,Miami Dolphins,2020,espn,nfl,
15,Miami Dolphins,2021,espn,nfl,
15,Miami Dolphins,2022,espn,nfl,
15,Miami Dolphins,2023,espn,nfl,
15,Miami Dolphins,2024,espn,nfl,
15,Miami Dolphins,2025,espn,nfl,
15,Miami Dolphins,2026,espn,nfl,
16,Minnesota Vikings,1999,espn,nfl,
16,Minnesota Vikings,2000,espn,nfl,
16,Minnesota Vikings,2001,espn,nfl,
16,Minnesota Vikings,2002,espn,nfl,
16,Minnesota Vikings,2003,espn,nfl,
16,Minnesota Vikings,2004,espn,nfl,
16,Minnesota Vikings,2005,espn,nfl,
16,Minnesota Vikings,2006,espn,nfl,
16,Minnesota Vikings,2007,espn,nfl,
16,Minnesota Vikings,2008,espn,nfl,
16,Minnesota Vikings,2009,espn,nfl,
16,Minnesota Vikings,2010,espn,nfl,
16,Minnesota Vikings,2011,espn,nfl,
16,Minnesota Vikings,2012,espn,nfl,
16,Minnesota Vikings,2013,espn,nfl,
16,Minnesota Vikings,2014,espn,nfl,
16,Minnesota Vikings,2015,espn,nfl,
16,Minnesota Vikings,2016,espn,nfl,
16,Minnesota Vikings,2017,espn,nfl,
16,Minnesota Vikings,2018,espn,nfl,
16,Minnesota Vikings,2019,espn,nfl,
16,Minnesota Vikings,2020,espn,nfl,
16,Minnesota Vikings,2021,espn,nfl,
16,Minnesota Vikings,2022,espn,nfl,
16,Minnesota Vikings,2023,espn,nfl,
16,Minnesota Vikings,2024,espn,nfl,
16,Minnesota Vikings,2025,espn,nfl,
16,Minnesota Vikings,2026,espn,nfl,
17,New England Patriots,1999,espn,nfl,
17,New England Patriots,2000,espn,nfl,
17,New England Patriots,2001,espn,nfl,
17,New England Patriots,2002,espn,nfl,
17,New England Patriots,2003,espn,nfl,
17,New England Patriots,2004,espn,nfl,
17,New England Patriots,2005,espn,nfl,
17,New England Patriots,2006,espn,nfl,
17,New England Patriots,2007,espn,nfl,
17,New England Patriots,2008,espn,nfl,
17,New England Patriots,2009,espn,nfl,
17,New England Patriots,2010,espn,nfl,
17,New England Patriots,2011,espn,nfl,
17,New England Patriots,2012,espn,nfl,
17,New England Patriots,2013,espn,nfl,
17,New England Patriots,2014,espn,nfl,
17,New England Patriots,2015,espn,nfl,
17,New England Patriots,2016,espn,nfl,
17,New England Patriots,2017,espn,nfl,
17,New England Patriots,2018,espn,nfl,
17,New England Patriots,2019,espn,nfl,
17,New England Patriots,2020,espn,nfl,
17,New England Patriots,2021,espn,nfl,
17,New England Patriots,2022,espn,nfl,
17,New England Patriots,2023,espn,nfl,
17,New England Patriots,2024,espn,nfl,
17,New England Patriots,2025,espn,nfl,
17,New England Patriots,2026,espn,nfl,
18,New Orleans Saints,1999,espn,nfl,
18,New Orleans Saints,2000,espn,nfl,
18,New Orleans Saints,2001,espn,nfl,
18,New Orleans Saints,2002,espn,nfl,
18,New Orleans Saints,2003,espn,nfl,
18,New Orleans Saints,2004,espn,nfl,
18,New Orleans Saints,2005,espn,nfl,
18,New Orleans Saints,2006,espn,nfl,
18,New Orleans Saints,2007,espn,nfl,
18,New Orleans Saints,2008,espn,nfl,
18,New Orleans Saints,2009,espn,nfl,
18,New Orleans Saints,2010,espn,nfl,
18,New Orleans Saints,2011,espn,nfl,
18,New Orleans Saints,2012,espn,nfl,
18,New Orleans Saints,2013,espn,nfl,
18,New Orleans Saints,2014,espn,nfl,
18,New Orleans Saints,2015,espn,nfl,
18,New Orleans Saints,2016,espn,nfl,
18,New Orleans Saints,2017,espn,nfl,
18,New Orleans Saints,2018,espn,nfl,
18,New Orleans Saints,2019,espn,nfl,
18,New Orleans Saints,2020,espn,nfl,
18,New Orleans Saints,2021,espn,nfl,
18,New Orleans Saints,2022,espn,nfl,
18,New Orleans Saints,2023,espn,nfl,
18,New Orleans Saints,2024,espn,nfl,
18,New Orleans Saints,2025,espn,nfl,
18,New Orleans Saints,2026,espn,nfl,
19,New York Giants,1999,espn,nfl,
19,New York Giants,2000,espn,nfl,
19,New York Giants,2001,espn,nfl,
19,New York Giants,2002,espn,nfl,
19,New York Giants,2003,espn,nfl,
19,New York Giants,2004,espn,nfl,
19,New York Giants,2005,espn,nfl,
19,New York Giants,2006,espn,nfl,
19,New York Giants,2007,espn,nfl,
19,New York Giants,2008,espn,nfl,
19,New York Giants,2009,espn,nfl,
19,New York Giants,2010,espn,nfl,
19,New York Giants,2011,espn,nfl,
19,New York Giants,2012,espn,nfl,
19,New York Giants,2013,espn,nfl,
19,New York Giants,2014,espn,nfl,
19,New York Giants,2015,espn,nfl,
19,New York Giants,2016,espn,nfl,
19,New York Giants,2017,espn,nfl,
19,New York Giants,2018,espn,nfl,
19,New York Giants,2019,espn,nfl,
19,New York Giants,2020,espn,nfl,
19,New York Giants,2021,espn,nfl,
19,New York Giants,2022,espn,nfl,
19,New York Giants,2023,espn,nfl,
19,New York Giants,2024,espn,nfl,
19,New York Giants,2025,espn,nfl,
19,New York Giants,2026,espn,nfl,
20,New York Jets,1999,espn,nfl,
20,New York Jets,2000,espn,nfl,
20,New York Jets,2001,espn,nfl,
20,New York Jets,2002,espn,nfl,
20,New York Jets,2003,espn,nfl,
20,New York Jets,2004,espn,nfl,
20,New York Jets,2005,espn,nfl,
20,New York Jets,2006,espn,nfl,
20,New York Jets,2007,espn,nfl,
20,New York Jets,2008,espn,nfl,
20,New York Jets,2009,espn,nfl,
20,New York Jets,2010,espn,nfl,
20,New York Jets,2011,espn,nfl,
20,New York Jets,2012,espn,nfl,
20,New York Jets,2013,espn,nfl,
20,New York Jets,2014,espn,nfl,
20,New York Jets,2015,espn,nfl,
20,New York Jets,2016,espn,nfl,
20,New York Jets,2017,espn,nfl,
20,New York Jets,2018,espn,nfl,
20,New York Jets,2019,espn,nfl,
20,New York Jets,2020,espn,nfl,
20,New York Jets,2021,espn,nfl,
20,New York Jets,2022,espn,nfl,
20,New York Jets,2023,espn,nfl,
20,New York Jets,2024,espn,nfl,
20,New York Jets,2025,espn,nfl,
20,New York Jets,2026,espn,nfl,
21,Philadelphia Eagles,1999,espn,nfl,
21,Philadelphia Eagles,2000,espn,nfl,
21,Philadelphia Eagles,2001,espn,nfl,
21,Philadelphia Eagles,2002,espn,nfl,
21,Philadelphia Eagles,2003,espn,nfl,
21,Philadelphia Eagles,2004,espn,nfl,
21,Philadelphia Eagles,2005,espn,nfl,
21,Philadelphia Eagles,2006,espn,nfl,
21,Philadelphia Eagles,2007,espn,nfl,
21,Philadelphia Eagles,2008,espn,nfl,
21,Philadelphia Eagles,2009,espn,nfl,
21,Philadelphia Eagles,2010,espn,nfl,
21,Philadelphia Eagles,2011,espn,nfl,
21,Philadelphia Eagles,2012,espn,nfl,
21,Philadelphia Eagles,2013,espn,nfl,
21,Philadelphia Eagles,2014,espn,nfl,
21,Philadelphia Eagles,2015,espn,nfl,
21,Philadelphia Eagles,2016,espn,nfl,
21,Philadelphia Eagles,2017,espn,nfl,
21,Philadelphia Eagles,2018,espn,nfl,
21,Philadelphia Eagles,2019,espn,nfl,
21,Philadelphia Eagles,2020,espn,nfl,
21,Philadelphia Eagles,2021,espn,nfl,
21,Philadelphia Eagles,2022,espn,nfl,
21,Philadelphia Eagles,2023,espn,nfl,
21,Philadelphia Eagles,2024,espn,nfl,
21,Philadelphia Eagles,2025,espn,nfl,
21,Philadelphia Eagles,2026,espn,nfl,
22,Arizona Cardinals,1999,espn,nfl,
22,Arizona Cardinals,2000,espn,nfl,
22,Arizona Cardinals,2001,espn,nfl,
22,Arizona Cardinals,2002,espn,nfl,
22,Arizona Cardinals,2003,espn,nfl,
22,Arizona Cardinals,2004,espn,nfl,
22,Arizona Cardinals,2005,espn,nfl,
22,Arizona Cardinals,2006,espn,nfl,
22,Arizona Cardinals,2007,espn,nfl,
22,Arizona Cardinals,2008,espn,nfl,
22,Arizona Cardinals,2009,espn,nfl,
22,Arizona Cardinals,2010,espn,nfl,
22,Arizona Cardinals,2011,espn,nfl,
22,Arizona Cardinals,2012,espn,nfl,
22,Arizona Cardinals,2013,espn,nfl,
22,Arizona Cardinals,2014,espn,nfl,
22,Arizona Cardinals,2015,espn,nfl,
22,Arizona Cardinals,2016,espn,nfl,
22,Arizona Cardinals,2017,espn,nfl,
22,Arizona Cardinals,2018,espn,nfl,
22,Arizona Cardinals,2019,espn,nfl,
22,Arizona Cardinals,2020,espn,nfl,
22,Arizona Cardinals,2021,espn,nfl,
22,Arizona Cardinals,2022,espn,nfl,
22,Arizona Cardinals,2023,espn,nfl,
22,Arizona Cardinals,2024,espn,nfl,
22,Arizona Cardinals,2025,espn,nfl,
22,Arizona Cardinals,2026,espn,nfl,
23,Pittsburgh Steelers,1999,espn,nfl,
23,Pittsburgh Steelers,2000,espn,nfl,
23,Pittsburgh Steelers,2001,espn,nfl,
23,Pittsburgh Steelers,2002,espn,nfl,
23,Pittsburgh Steelers,2003,espn,nfl,
23,Pittsburgh Steelers,2004,espn,nfl,
23,Pittsburgh Steelers,2005,espn,nfl,
23,Pittsburgh Steelers,2006,espn,nfl,
23,Pittsburgh Steelers,2007,espn,nfl,
23,Pittsburgh Steelers,2008,espn,nfl,
23,Pittsburgh Steelers,2009,espn,nfl,
23,Pittsburgh Steelers,2010,espn,nfl,
23,Pittsburgh Steelers,2011,espn,nfl,
23,Pittsburgh Steelers,2012,espn,nfl,
23,Pittsburgh Steelers,2013,espn,nfl,
23,Pittsburgh Steelers,2014,espn,nfl,
23,Pittsburgh Steelers,2015,espn,nfl,
23,Pittsburgh Steelers,2016,espn,nfl,
23,Pittsburgh Steelers,2017,espn,nfl,
23,Pittsburgh Steelers,2018,espn,nfl,
23,Pittsburgh Steelers,2019,espn,nfl,
23,Pittsburgh Steelers,2020,espn,nfl,
23,Pittsburgh Steelers,2021,espn,nfl,
23,Pittsburgh Steelers,2022,espn,nfl,
23,Pittsburgh Steelers,2023,espn,nfl,
23,Pittsburgh Steelers,2024,espn,nfl,
23,Pittsburgh Steelers,2025,espn,nfl,
23,Pittsburgh Steelers,2026,espn,nfl,
24,San Diego Chargers,1999,espn,nfl,
24,San Diego Chargers,2000,espn,nfl,
24,San Diego Chargers,2001,espn,nfl,
24,San Diego Chargers,2002,espn,nfl,
24,San Diego Chargers,2003,espn,nfl,
24,San Diego Chargers,2004,espn,nfl,
24,San Diego Chargers,2005,espn,nfl,
24,San Diego Chargers,2006,espn,nfl,
24,San Diego Chargers,2007,espn,nfl,
24,San Diego Chargers,2008,espn,nfl,
24,San Diego Chargers,2009,espn,nfl,
24,San Diego Chargers,2010,espn,nfl,
24,San Diego Chargers,2011,espn,nfl,
24,San Diego Chargers,2012,espn,nfl,
24,San Diego Chargers,2013,espn,nfl,
24,San Diego Chargers,2014,espn,nfl,
24,San Diego Chargers,2015,espn,nfl,
24,San Diego Chargers,2016,espn,nfl,
24,Los Angeles Chargers,2017,espn,nfl,
24,Los Angeles Chargers,2018,espn,nfl,
24,Los Angeles Chargers,2019,espn,nfl,
24,Los Angeles Chargers,2020,espn,nfl,
24,Los Angeles Chargers,2021,espn,nfl,
24,Los Angeles Chargers,2022,espn,nfl,
24,Los Angeles Chargers,2023,espn,nfl,
24,Los Angeles Chargers,2024,espn,nfl,
24,Los Angeles Chargers,2025,espn,nfl,
24,Los Angeles Chargers,2026,espn,nfl,
25,San Francisco 49ers,1999,espn,nfl,
25,San Francisco 49ers,2000,espn,nfl,
25,San Francisco 49ers,2001,espn,nfl,
25,San Francisco 49ers,2002,espn,nfl,
25,San Francisco 49ers,2003,espn,nfl,
25,San Francisco 49ers,2004,espn,nfl,
25,San Francisco 49ers,2005,espn,nfl,
25,San Francisco 49ers,2006,espn,nfl,
25,San Francisco 49ers,2007,espn,nfl,
25,San Francisco 49ers,2008,espn,nfl,
25,San Francisco 49ers,2009,espn,nfl,
25,San Francisco 49ers,2010,espn,nfl,
25,San Francisco 49ers,2011,espn,nfl,
25,San Francisco 49ers,2012,espn,nfl,
25,San Francisco 49ers,2013,espn,nfl,
25,San Francisco 49ers,2014,espn,nfl,
25,San Francisco 49ers,2015,espn,nfl,
25,San Francisco 49ers,2016,espn,nfl,
25,San Francisco 49ers,2017,espn,nfl,
25,San Francisco 49ers,2018,espn,nfl,
25,San Francisco 49ers,2019,espn,nfl,
25,San Francisco 49ers,2020,espn,nfl,
25,San Francisco 49ers,2021,espn,nfl,
25,San Francisco 49ers,2022,espn,nfl,
25,San Francisco 49ers,2023,espn,nfl,
25,San Francisco 49ers,2024,espn,nfl,
25,San Francisco 49ers,2025,espn,nfl,
25,San Francisco 49ers,2026,espn,nfl,
26,Seattle Seahawks,1999,espn,nfl,
26,Seattle Seahawks,2000,espn,nfl,
26,Seattle Seahawks,2001,espn,nfl,
26,Seattle Seahawks,2002,espn,nfl,
26,Seattle Seahawks,2003,espn,nfl,
26,Seattle Seahawks,2004,espn,nfl,
26,Seattle Seahawks,2005,espn,nfl,
26,Seattle Seahawks,2006,espn,nfl,
26,Seattle Seahawks,2007,espn,nfl,
26,Seattle Seahawks,2008,espn,nfl,
26,Seattle Seahawks,2009,espn,nfl,
26,Seattle Seahawks,2010,espn,nfl,
26,Seattle Seahawks,2011,espn,nfl,
26,Seattle Seahawks,2012,espn,nfl,
26,Seattle Seahawks,2013,espn,nfl,
26,Seattle Seahawks,2014,espn,nfl,
26,Seattle Seahawks,2015,espn,nfl,
26,Seattle Seahawks,2016,espn,nfl,
26,Seattle Seahawks,2017,espn,nfl,
26,Seattle Seahawks,2018,espn,nfl,
26,Seattle Seahawks,2019,espn,nfl,
26,Seattle Seahawks,2020,espn,nfl,
26,Seattle Seahawks,2021,espn,nfl,
26,Seattle Seahawks,2022,espn,nfl,
26,Seattle Seahawks,2023,espn,nfl,
26,Seattle Seahawks,2024,espn,nfl,
26,Seattle Seahawks,2025,espn,nfl,
26,Seattle Seahawks,2026,espn,nfl,
27,Tampa Bay Buccaneers,1999,espn,nfl,
27,Tampa Bay Buccaneers,2000,espn,nfl,
27,Tampa Bay Buccaneers,2001,espn,nfl,
27,Tampa Bay Buccaneers,2002,espn,nfl,
27,Tampa Bay Buccaneers,2003,espn,nfl,
27,Tampa Bay Buccaneers,2004,espn,nfl,
27,Tampa Bay Buccaneers,2005,espn,nfl,
27,Tampa Bay Buccaneers,2006,espn,nfl,
27,Tampa Bay Buccaneers,2007,espn,nfl,
27,Tampa Bay Buccaneers,2008,espn,nfl,
27,Tampa Bay Buccaneers,2009,espn,nfl,
27,Tampa Bay Buccaneers,2010,espn,nfl,
27,Tampa Bay Buccaneers,2011,espn,nfl,
27,Tampa Bay Buccaneers,2012,espn,nfl,
27,Tampa Bay Buccaneers,2013,espn,nfl,
27,Tampa Bay Buccaneers,2014,espn,nfl,
27,Tampa Bay Buccaneers,2015,espn,nfl,
27,Tampa Bay Buccaneers,2016,espn,nfl,
27,Tampa Bay Buccaneers,2017,espn,nfl,
27,Tampa Bay Buccaneers,2018,espn,nfl,
27,Tampa Bay Buccaneers,2019,espn,nfl,
27,Tampa Bay Buccaneers,2020,espn,nfl,
27,Tampa Bay Buccaneers,2021,espn,nfl,
27,Tampa Bay Buccaneers,2022,espn,nfl,
27,Tampa Bay Buccaneers,2023,espn,nfl,
27,Tampa Bay Buccaneers,2024,espn,nfl,
27,Tampa Bay Buccaneers,2025,espn,nfl,
27,Tampa Bay Buccaneers,2026,espn,nfl,
28,Washington Redskins,1999,espn,nfl,
28,Washington Redskins,2000,espn,nfl,
28,Washington Redskins,2001,espn,nfl,
28,Washington Redskins,2002,espn,nfl,
28,Washington Redskins,2003,espn,nfl,
28,Washington Redskins,2004,espn,nfl,
28,Washington Redskins,2005,espn,nfl,
28,Washington Redskins,2006,espn,nfl,
28,Washington Redskins,2007,espn,nfl,
28,Washington Redskins,2008,espn,nfl,
28,Washington Redskins,2009,espn,nfl,
28,Washington Redskins,2010,espn,nfl,
28,Washington Redskins,2011,espn,nfl,
28,Washington Redskins,2012,espn,nfl,
28,Washington Redskins,2013,espn,nfl,
28,Washington Redskins,2014,espn,nfl,
28,Washington Redskins,2015,espn,nfl,
28,Washington Redskins,2016,espn,nfl,
28,Washington Redskins,2017,espn,nfl,
28,Washington Redskins,2018,espn,nfl,
28,Washington,2019,espn,nfl,
28,Washington,2020,espn,nfl,
28,Washington,2021,espn,nfl,
28,Washington Commanders,2022,espn,nfl,
28,Washington Commanders,2023,espn,nfl,
28,Washington Commanders,2024,espn,nfl,
28,Washington Commanders,2025,espn,nfl,
28,Washington Commanders,2026,espn,nfl,
29,Carolina Panthers,1999,espn,nfl,
29,Carolina Panthers,2000,espn,nfl,
29,Carolina Panthers,2001,espn,nfl,
29,Carolina Panthers,2002,espn,nfl,
29,Carolina Panthers,2003,espn,nfl,
29,Carolina Panthers,2004,espn,nfl,
29,Carolina Panthers,2005,espn,nfl,
29,Carolina Panthers,2006,espn,nfl,
29,Carolina Panthers,2007,espn,nfl,
29,Carolina Panthers,2008,espn,nfl,
29,Carolina Panthers,2009,espn,nfl,
29,Carolina Panthers,2010,espn,nfl,
29,Carolina Panthers,2011,espn,nfl,
29,Carolina Panthers,2012,espn,nfl,
29,Carolina Panthers,2013,espn,nfl,
29,Carolina Panthers,2014,espn,nfl,
29,Carolina Panthers,2015,espn,nfl,
29,Carolina Panthers,2016,espn,nfl,
29,Carolina Panthers,2017,espn,nfl,
29,Carolina Panthers,2018,espn,nfl,
29,Carolina Panthers,2019,espn,nfl,
29,Carolina Panthers,2020,espn,nfl,
29,Carolina Panthers,2021,espn,nfl,
29,Carolina Panthers,2022,espn,nfl,
29,Carolina Panthers,2023,espn,nfl,
29,Carolina Panthers,2024,espn,nfl,
29,Carolina Panthers,2025,espn,nfl,
29,Carolina Panthers,2026,espn,nfl,
30,Jacksonville Jaguars,1999,espn,nfl,
30,Jacksonville Jaguars,2000,espn,nfl,
30,Jacksonville Jaguars,2001,espn,nfl,
30,Jacksonville Jaguars,2002,espn,nfl,
30,Jacksonville Jaguars,2003,espn,nfl,
30,Jacksonville Jaguars,2004,espn,nfl,
30,Jacksonville Jaguars,2005,espn,nfl,
30,Jacksonville Jaguars,2006,espn,nfl,
30,Jacksonville Jaguars,2007,espn,nfl,
30,Jacksonville Jaguars,2008,espn,nfl,
30,Jacksonville Jaguars,2009,espn,nfl,
30,Jacksonville Jaguars,2010,espn,nfl,
30,Jacksonville Jaguars,2011,espn,nfl,
30,Jacksonville Jaguars,2012,espn,nfl,
30,Jacksonville Jaguars,2013,espn,nfl,
30,Jacksonville Jaguars,2014,espn,nfl,
30,Jacksonville Jaguars,2015,espn,nfl,
30,Jacksonville Jaguars,2016,espn,nfl,
30,Jacksonville Jaguars,2017,espn,nfl,
30,Jacksonville Jaguars,2018,espn,nfl,
30,Jacksonville Jaguars,2019,espn,nfl,
30,Jacksonville Jaguars,2020,espn,nfl,
30,Jacksonville Jaguars,2021,espn,nfl,
30,Jacksonville Jaguars,2022,espn,nfl,
30,Jacksonville Jaguars,2023,espn,nfl,
30,Jacksonville Jaguars,2024,espn,nfl,
30,Jacksonville Jaguars,2025,espn,nfl,
30,Jacksonville Jaguars,2026,espn,nfl,
33,Baltimore Ravens,1999,espn,nfl,
33,Baltimore Ravens,2000,espn,nfl,
33,Baltimore Ravens,2001,espn,nfl,
33,Baltimore Ravens,2002,espn,nfl,
33,Baltimore Ravens,2003,espn,nfl,
33,Baltimore Ravens,2004,espn,nfl,
33,Baltimore Ravens,2005,espn,nfl,
33,Baltimore Ravens,2006,espn,nfl,
33,Baltimore Ravens,2007,espn,nfl,
33,Baltimore Ravens,2008,espn,nfl,
33,Baltimore Ravens,2009,espn,nfl,
33,Baltimore Ravens,2010,espn,nfl,
33,Baltimore Ravens,2011,espn,nfl,
33,Baltimore Ravens,2012,espn,nfl,
33,Baltimore Ravens,2013,espn,nfl,
33,Baltimore Ravens,2014,espn,nfl,
33,Baltimore Ravens,2015,espn,nfl,
33,Baltimore Ravens,2016,espn,nfl,
33,Baltimore Ravens,2017,espn,nfl,
33,Baltimore Ravens,2018,espn,nfl,
33,Baltimore Ravens,2019,espn,nfl,
33,Baltimore Ravens,2020,espn,nfl,
33,Baltimore Ravens,2021,espn,nfl,
33,Baltimore Ravens,2022,espn,nfl,
33,Baltimore Ravens,2023,espn,nfl,
33,Baltimore Ravens,2024,espn,nfl,
33,Baltimore Ravens,2025,espn,nfl,
33,Baltimore Ravens,2026,espn,nfl,
34,Houston Texans,2002,espn,nfl,
34,Houston Texans,2003,espn,nfl,
34,Houston Texans,2004,espn,nfl,
34,Houston Texans,2005,espn,nfl,
34,Houston Texans,2006,espn,nfl,
34,Houston Texans,2007,espn,nfl,
34,Houston Texans,2008,espn,nfl,
34,Houston Texans,2009,espn,nfl,
34,Houston Texans,2010,espn,nfl,
34,Houston Texans,2011,espn,nfl,
34,Houston Texans,2012,espn,nfl,
34,Houston Texans,2013,espn,nfl,
34,Houston Texans,2014,espn,nfl,
34,Houston Texans,2015,espn,nfl,
34,Houston Texans,2016,espn,nfl,
34,Houston Texans,2017,espn,nfl,
34,Houston Texans,2018,espn,nfl,
34,Houston Texans,2019,espn,nfl,
34,Houston Texans,2020,espn,nfl,
34,Houston Texans,2021,espn,nfl,
34,Houston Texans,2022,espn,nfl,
34,Houston Texans,2023,espn,nfl,
34,Houston Texans,2024,espn,nfl,
34,Houston Texans,2025,espn,nfl,
34,Houston Texans,2026,espn,nfl,
22,ARI,2026,kalshi,nfl,
22,Arizona Cardinals,2026,kalshi,nfl,
22,Arizona,2026,kalshi,nfl,
22,Cardinals,2026,kalshi,nfl,
1,ATL,2026,kalshi,nfl,
1,Atlanta Falcons,2026,kalshi,nfl,
1,Atlanta,2026,kalshi,nfl,
1,Falcons,2026,kalshi,nfl,
33,BAL,2026,kalshi,nfl,
33,Baltimore Ravens,2026,kalshi,nfl,
33,Baltimore,2026,kalshi,nfl,
33,Ravens,2026,kalshi,nfl,
2,BUF,2026,kalshi,nfl,
2,Buffalo Bills,2026,kalshi,nfl,
2,Buffalo,2026,kalshi,nfl,
2,Bills,2026,kalshi,nfl,
29,CAR,2026,kalshi,nfl,
29,Carolina Panthers,2026,kalshi,nfl,
29,Carolina,2026,kalshi,nfl,
29,Panthers,2026,kalshi,nfl,
3,CHI,2026,kalshi,nfl,
3,Chicago Bears,2026,kalshi,nfl,
3,Chicago,2026,kalshi,nfl,
3,Bears,2026,kalshi,nfl,
4,CIN,2026,kalshi,nfl,
4,Cincinnati Bengals,2026,kalshi,nfl,
4,Cincinnati,2026,kalshi,nfl,
4,Bengals,2026,kalshi,nfl,
5,CLE,2026,kalshi,nfl,
5,Cleveland Browns,2026,kalshi,nfl,
5,Cleveland,2026,kalshi,nfl,
5,Browns,2026,kalshi,nfl,
6,DAL,2026,kalshi,nfl,
6,Dallas Cowboys,2026,kalshi,nfl,
6,Dallas,2026,kalshi,nfl,
6,Cowboys,2026,kalshi,nfl,
7,DEN,2026,kalshi,nfl,
7,Denver Broncos,2026,kalshi,nfl,
7,Denver,2026,kalshi,nfl,
7,Broncos,2026,kalshi,nfl,
8,DET,2026,kalshi,nfl,
8,Detroit Lions,2026,kalshi,nfl,
8,Detroit,2026,kalshi,nfl,
8,Lions,2026,kalshi,nfl,
9,GB,2026,kalshi,nfl,
9,Green Bay Packers,2026,kalshi,nfl,
9,Green Bay,2026,kalshi,nfl,
9,Packers,2026,kalshi,nfl,
34,HOU,2026,kalshi,nfl,
34,Houston Texans,2026,kalshi,nfl,
34,Houston,2026,kalshi,nfl,
34,Texans,2026,kalshi,nfl,
11,IND,2026,kalshi,nfl,
11,Indianapolis Colts,2026,kalshi,nfl,
11,Indianapolis,2026,kalshi,nfl,
11,Colts,2026,kalshi,nfl,
30,JAC,2026,kalshi,nfl,
30,Jacksonville Jaguars,2026,kalshi,nfl,
30,Jacksonville,2026,kalshi,nfl,
30,Jaguars,2026,kalshi,nfl,
12,KC,2026,kalshi,nfl,
12,Kansas City Chiefs,2026,kalshi,nfl,
12,Kansas City,2026,kalshi,nfl,
12,Chiefs,2026,kalshi,nfl,
24,LAC,2026,kalshi,nfl,
24,Los Angeles Chargers,2026,kalshi,nfl,
24,Los Angeles C,2026,kalshi,nfl,
24,Los Angeles,2026,kalshi,nfl,
24,Chargers,2026,kalshi,nfl,
14,LAR,2026,kalshi,nfl,
14,Los Angeles Rams,2026,kalshi,nfl,
14,Los Angeles R,2026,kalshi,nfl,
14,Los Angeles,2026,kalshi,nfl,
14,Rams,2026,kalshi,nfl,
13,LV,2026,kalshi,nfl,
13,Las Vegas Raiders,2026,kalshi,nfl,
13,Las Vegas,2026,kalshi,nfl,
13,Raiders,2026,kalshi,nfl,
15,MIA,2026,kalshi,nfl,
15,Miami Dolphins,2026,kalshi,nfl,
15,Miami,2026,kalshi,nfl,
15,Dolphins,2026,kalshi,nfl,
16,MIN,2026,kalshi,nfl,
16,Minnesota Vikings,2026,kalshi,nfl,
16,Minnesota,2026,kalshi,nfl,
16,Vikings,2026,kalshi,nfl,
17,NE,2026,kalshi,nfl,
17,New England Patriots,2026,kalshi,nfl,
17,New England,2026,kalshi,nfl,
17,Patriots,2026,kalshi,nfl,
18,NO,2026,kalshi,nfl,
18,New Orleans Saints,2026,kalshi,nfl,
18,New Orleans,2026,kalshi,nfl,
18,Saints,2026,kalshi,nfl,
19,NYG,2026,kalshi,nfl,
19,New York Giants,2026,kalshi,nfl,
19,New York G,2026,kalshi,nfl,
19,New York,2026,kalshi,nfl,
19,Giants,2026,kalshi,nfl,
20,NYJ,2026,kalshi,nfl,
20,New York Jets,2026,kalshi,nfl,
20,New York J,2026,kalshi,nfl,
20,New York,2026,kalshi,nfl,
20,Jets,2026,kalshi,nfl,
21,PHI,2026,kalshi,nfl,
21,Philadelphia Eagles,2026,kalshi,nfl,
21,Philadelphia,2026,kalshi,nfl,
21,Eagles,2026,kalshi,nfl,
23,PIT,2026,kalshi,nfl,
23,Pittsburgh Steelers,2026,kalshi,nfl,
23,Pittsburgh,2026,kalshi,nfl,
23,Steelers,2026,kalshi,nfl,
26,SEA,2026,kalshi,nfl,
26,Seattle Seahawks,2026,kalshi,nfl,
26,Seattle,2026,kalshi,nfl,
26,Seahawks,2026,kalshi,nfl,
25,SF,2026,kalshi,nfl,
25,San Francisco 49ers,2026,kalshi,nfl,
25,San Francisco,2026,kalshi,nfl,
25,49ers,2026,kalshi,nfl,
27,TB,2026,kalshi,nfl,
27,Tampa Bay Buccaneers,2026,kalshi,nfl,
27,Tampa Bay,2026,kalshi,nfl,
27,Buccaneers,2026,kalshi,nfl,
10,TEN,2026,kalshi,nfl,
10,Tennessee Titans,2026,kalshi,nfl,
10,Tennessee,2026,kalshi,nfl,
10,Titans,2026,kalshi,nfl,
28,WAS,2026,kalshi,nfl,
28,Washington Commanders,2026,kalshi,nfl,
28,Washington,2026,kalshi,nfl,
28,Commanders,2026,kalshi,nfl,
22,ari,2026,polymarket,nfl,
22,Arizona Cardinals,2026,polymarket,nfl,
22,Cardinals,2026,polymarket,nfl,
1,atl,2026,polymarket,nfl,
1,Atlanta Falcons,2026,polymarket,nfl,
1,Falcons,2026,polymarket,nfl,
33,bal,2026,polymarket,nfl,
33,Baltimore Ravens,2026,polymarket,nfl,
33,Ravens,2026,polymarket,nfl,
2,buf,2026,polymarket,nfl,
2,Buffalo Bills,2026,polymarket,nfl,
2,Bills,2026,polymarket,nfl,
29,car,2026,polymarket,nfl,
29,Carolina Panthers,2026,polymarket,nfl,
29,Panthers,2026,polymarket,nfl,
3,chi,2026,polymarket,nfl,
3,Chicago Bears,2026,polymarket,nfl,
3,Bears,2026,polymarket,nfl,
4,cin,2026,polymarket,nfl,
4,Cincinnati Bengals,2026,polymarket,nfl,
4,Bengals,2026,polymarket,nfl,
5,cle,2026,polymarket,nfl,
5,Cleveland Browns,2026,polymarket,nfl,
5,Browns,2026,polymarket,nfl,
6,dal,2026,polymarket,nfl,
6,Dallas Cowboys,2026,polymarket,nfl,
6,Cowboys,2026,polymarket,nfl,
7,den,2026,polymarket,nfl,
7,Denver Broncos,2026,polymarket,nfl,
7,Broncos,2026,polymarket,nfl,
8,det,2026,polymarket,nfl,
8,Detroit Lions,2026,polymarket,nfl,
8,Lions,2026,polymarket,nfl,
9,gb,2026,polymarket,nfl,
9,Green Bay Packers,2026,polymarket,nfl,
9,Packers,2026,polymarket,nfl,
34,hou,2026,polymarket,nfl,
34,Houston Texans,2026,polymarket,nfl,
34,Texans,2026,polymarket,nfl,
11,ind,2026,polymarket,nfl,
11,Indianapolis Colts,2026,polymarket,nfl,
11,Colts,2026,polymarket,nfl,
30,jax,2026,polymarket,nfl,
30,Jacksonville Jaguars,2026,polymarket,nfl,
30,Jaguars,2026,polymarket,nfl,
12,kc,2026,polymarket,nfl,
12,Kansas City Chiefs,2026,polymarket,nfl,
12,Chiefs,2026,polymarket,nfl,
14,la,2026,polymarket,nfl,
14,Los Angeles Rams,2026,polymarket,nfl,
14,Rams,2026,polymarket,nfl,
24,lac,2026,polymarket,nfl,
24,Los Angeles Chargers,2026,polymarket,nfl,
24,Chargers,2026,polymarket,nfl,
13,lv,2026,polymarket,nfl,
13,Las Vegas Raiders,2026,polymarket,nfl,
13,Raiders,2026,polymarket,nfl,
15,mia,2026,polymarket,nfl,
15,Miami Dolphins,2026,polymarket,nfl,
15,Dolphins,2026,polymarket,nfl,
16,min,2026,polymarket,nfl,
16,Minnesota Vikings,2026,polymarket,nfl,
16,Vikings,2026,polymarket,nfl,
17,ne,2026,polymarket,nfl,
17,New England Patriots,2026,polymarket,nfl,
17,Patriots,2026,polymarket,nfl,
18,no,2026,polymarket,nfl,
18,New Orleans Saints,2026,polymarket,nfl,
18,Saints,2026,polymarket,nfl,
19,nyg,2026,polymarket,nfl,
19,New York Giants,2026,polymarket,nfl,
19,Giants,2026,polymarket,nfl,
20,nyj,2026,polymarket,nfl,
20,New York Jets,2026,polymarket,nfl,
20,Jets,2026,polymarket,nfl,
21,phi,2026,polymarket,nfl,
21,Philadelphia Eagles,2026,polymarket,nfl,
21,Eagles,2026,polymarket,nfl,
23,pit,2026,polymarket,nfl,
23,Pittsburgh Steelers,2026,polymarket,nfl,
23,Steelers,2026,polymarket,nfl,
26,sea,2026,polymarket,nfl,
26,Seattle Seahawks,2026,polymarket,nfl,
26,Seahawks,2026,polymarket,nfl,
25,sf,2026,polymarket,nfl,
25,San Francisco 49ers,2026,polymarket,nfl,
25,49ers,2026,polymarket,nfl,
27,tb,2026,polymarket,nfl,
27,Tampa Bay Buccaneers,2026,polymarket,nfl,
27,Buccaneers,2026,polymarket,nfl,
10,ten,2026,polymarket,nfl,
10,Tennessee Titans,2026,polymarket,nfl,
10,Titans,2026,polymarket,nfl,
28,was,2026,polymarket,nfl,
28,Washington Commanders,2026,polymarket,nfl,
28,Commanders,2026,polymarket,nfl,
1,falcons,2026,endgame,nfl,
2,bills,2026,endgame,nfl,
3,bears,2026,endgame,nfl,
4,bengals,2026,endgame,nfl,
5,browns,2026,endgame,nfl,
6,cowboys,2026,endgame,nfl,
7,broncos,2026,endgame,nfl,
8,lions,2026,endgame,nfl,
9,packers,2026,endgame,nfl,
10,titans,2026,endgame,nfl,
11,colts,2026,endgame,nfl,
12,chiefs,2026,endgame,nfl,
13,raiders,2026,endgame,nfl,
14,rams,2026,endgame,nfl,
15,dolphins,2026,endgame,nfl,
16,vikings,2026,endgame,nfl,
17,patriots,2026,endgame,nfl,
18,saints,2026,endgame,nfl,
19,giants,2026,endgame,nfl,
20,jets,2026,endgame,nfl,
21,eagles,2026,endgame,nfl,
22,cardinals,2026,endgame,nfl,
23,steelers,2026,endgame,nfl,
24,chargers,2026,endgame,nfl,
25,niners,2026,endgame,nfl,
26,seahawks,2026,endgame,nfl,
27,buccaneers,2026,endgame,nfl,
28,commanders,2026,endgame,nfl,
29,panthers,2026,endgame,nfl,
30,jaguars,2026,endgame,nfl,
33,ravens,2026,endgame,nfl,
34,texans,2026,endgame,nfl,
